{
    "aurc_balanced": 0.35627324815963024,
    "aurc_worst": 0.4700705003041731,
    "aurc_balanced_02_10": 0.4013634804525985,
    "aurc_worst_02_10": 0.4990188351312378,
    "aurc_balanced_bootstrap": {
        "mean": 0.3530236987251538,
        "95ci_lower": 0.33027715621499837,
        "95ci_upper": 0.37673231795833506
    },
    "aurc_balanced_02_10_bootstrap": {
        "mean": 0.40513800342871775,
        "95ci_lower": 0.3784931689520358,
        "95ci_upper": 0.4305906819201517
    },
    "metrics_at_coverage": {
        "cov_0.7": {
            "coverage": 0.6999321113374066,
            "balanced_error": 0.46550136765341765,
            "worst_error": 0.5583864118895966,
            "group_errors": [
                0.3726163234172387,
                0.5583864118895966
            ],
            "overall_error": 0.4009052699644359
        },
        "cov_0.8": {
            "coverage": 0.7999547408916045,
            "balanced_error": 0.5062978771147093,
            "worst_error": 0.5921985815602837,
            "group_errors": [
                0.420397172669135,
                0.5921985815602837
            ],
            "overall_error": 0.4478076379066478
        },
        "cov_0.9": {
            "coverage": 0.8999773704458022,
            "balanced_error": 0.5449590915695035,
            "worst_error": 0.6300751879699248,
            "group_errors": [
                0.4598429951690821,
                0.6300751879699248
            ],
            "overall_error": 0.48830776967563494
        }
    },
    "ece": 0.16299815475940704
}