{
    "aurc_balanced": 0.3376807071055049,
    "aurc_worst": 0.4501545514972769,
    "aurc_balanced_02_10": 0.41200447807506957,
    "aurc_worst_02_10": 0.5435488495780076,
    "aurc_balanced_bootstrap": {
        "mean": 0.34418887344407356,
        "95ci_lower": 0.31826216379038735,
        "95ci_upper": 0.37569967078631755
    },
    "aurc_balanced_02_10_bootstrap": {
        "mean": 0.4152632546344935,
        "95ci_lower": 0.39058428655391203,
        "95ci_upper": 0.439757591370823
    },
    "metrics_at_coverage": {
        "cov_0.7": {
            "coverage": 0.6999321113374066,
            "balanced_error": 0.47474381362068235,
            "worst_error": 0.6072234762979685,
            "group_errors": [
                0.34226415094339624,
                0.6072234762979685
            ],
            "overall_error": 0.3802133850630456
        },
        "cov_0.8": {
            "coverage": 0.7999547408916045,
            "balanced_error": 0.5117588708489402,
            "worst_error": 0.6384892086330936,
            "group_errors": [
                0.3850285330647868,
                0.6384892086330936
            ],
            "overall_error": 0.42489391796322484
        },
        "cov_0.9": {
            "coverage": 0.8999773704458022,
            "balanced_error": 0.5477875923176969,
            "worst_error": 0.6702290076335877,
            "group_errors": [
                0.4253461770018061,
                0.6702290076335877
            ],
            "overall_error": 0.46567764646718635
        }
    },
    "ece": 0.15019012987613678
}