{
    "aurc_balanced": 0.4906077502352476,
    "aurc_worst": 0.8732764521074291,
    "aurc_balanced_02_10": 0.49374908213581703,
    "aurc_worst_02_10": 0.852088911326582,
    "aurc_balanced_bootstrap": {
        "mean": 0.4855060757769662,
        "95ci_lower": 0.46701833702077694,
        "95ci_upper": 0.5020885887499009
    },
    "aurc_balanced_02_10_bootstrap": {
        "mean": 0.493881981493382,
        "95ci_lower": 0.4716904527481619,
        "95ci_upper": 0.5140126838792556
    },
    "metrics_at_coverage": {
        "cov_0.7": {
            "coverage": 0.7001594896331739,
            "balanced_error": 0.4575769709912796,
            "worst_error": 0.75,
            "group_errors": [
                0.16515394198255917,
                0.75
            ],
            "overall_error": 0.1741720693884703
        },
        "cov_0.8": {
            "coverage": 0.8000245368666421,
            "balanced_error": 0.4837279782473234,
            "worst_error": 0.7480314960629921,
            "group_errors": [
                0.21942446043165464,
                0.7480314960629921
            ],
            "overall_error": 0.2297193681950621
        },
        "cov_0.9": {
            "coverage": 0.900012268433321,
            "balanced_error": 0.49677504462951066,
            "worst_error": 0.7206703910614525,
            "group_errors": [
                0.27287969819756885,
                0.7206703910614525
            ],
            "overall_error": 0.28380588876772084
        }
    },
    "metrics_point_c_train": {
        "coverage": 0,
        "balanced_error": 1.0,
        "worst_error": 1.0,
        "group_errors": [
            1.0,
            1.0
        ],
        "overall_error": 1.0
    },
    "ece": 0.030092064291238785
}