{
    "aurc_balanced": 0.36666761378110285,
    "aurc_worst": 0.5409802715296975,
    "aurc_balanced_bootstrap": {
        "mean": 0.3663164335062487,
        "95ci_lower": 0.3536098583020793,
        "95ci_upper": 0.3790609537415701
    },
    "metrics_at_coverage": {
        "cov_0.7": {
            "coverage": 0.7,
            "balanced_error": 0.4620288362580794,
            "worst_error": 0.6458465440710209,
            "group_errors": [
                0.27821112844513785,
                0.6458465440710209
            ],
            "overall_error": 0.44385714285714284
        },
        "cov_0.8": {
            "coverage": 0.8,
            "balanced_error": 0.49705359040427727,
            "worst_error": 0.675625332623736,
            "group_errors": [
                0.3184818481848185,
                0.675625332623736
            ],
            "overall_error": 0.48624999999999996
        },
        "cov_0.9": {
            "coverage": 0.9,
            "balanced_error": 0.5317200945137668,
            "worst_error": 0.703128568166248,
            "group_errors": [
                0.36031162086128543,
                0.703128568166248
            ],
            "overall_error": 0.5271111111111111
        }
    },
    "ece": 0.05353354290127754
}