{
    "aurc_balanced": 0.24012326385911467,
    "aurc_worst": 0.3527507778370708,
    "aurc_balanced_02_10": 0.2993599400171408,
    "aurc_worst_02_10": 0.4372796643782919,
    "aurc_balanced_bootstrap": {
        "mean": 0.23882344556824514,
        "95ci_lower": 0.20671561731658927,
        "95ci_upper": 0.2714123493174279
    },
    "metrics_at_coverage": {
        "cov_0.7": {
            "coverage": 0.7001594896331739,
            "balanced_error": 0.3734427117662333,
            "worst_error": 0.5486111111111112,
            "group_errors": [
                0.1982743124213554,
                0.5486111111111112
            ],
            "overall_error": 0.20711407043981078
        },
        "cov_0.8": {
            "coverage": 0.8000245368666421,
            "balanced_error": 0.42513860773877793,
            "worst_error": 0.6033519553072626,
            "group_errors": [
                0.24692526017029326,
                0.6033519553072626
            ],
            "overall_error": 0.2567090936972857
        },
        "cov_0.9": {
            "coverage": 0.9001349527665317,
            "balanced_error": 0.46843094488306897,
            "worst_error": 0.6359223300970873,
            "group_errors": [
                0.3009395596690506,
                0.6359223300970873
            ],
            "overall_error": 0.31034482758620685
        }
    },
    "plugin_metrics_at_threshold": {
        "coverage": 0.2755490123911177,
        "balanced_error": 0.015260323159784539,
        "worst_error": 0.030520646319569078,
        "group_errors": [
            0.030520646319569078,
            0.0
        ],
        "overall_error": 0.030276046304541393
    },
    "ece": 0.01736203394830227,
    "selective_risks": {
        "cost_0.3": {
            "balanced": 0.2510084290357945,
            "worst": 0.2779591843485832
        },
        "cost_0.5": {
            "balanced": 0.41548036079133727,
            "worst": 0.4632653072476387
        },
        "cost_0.7": {
            "balanced": 0.5799522925468801,
            "worst": 0.6485714301466942
        }
    },
    "aurc_results": {
        "standard": 0.13012202252003247,
        "standard_02_10": 0.12813991473069314,
        "balanced": 0.1954259031335861,
        "balanced_02_10": 0.19404721498622446,
        "worst": 0.2598663725226893,
        "worst_02_10": 0.257108996227966
    }
}