{
    "aurc_balanced": 0.24121080468096873,
    "aurc_worst": 0.358460020012661,
    "aurc_balanced_02_10": 0.30069451846222656,
    "aurc_worst_02_10": 0.44457704307334195,
    "aurc_balanced_bootstrap": {
        "mean": 0.2397246569981208,
        "95ci_lower": 0.20790061658133907,
        "95ci_upper": 0.27355663629951943
    },
    "metrics_at_coverage": {
        "cov_0.7": {
            "coverage": 0.7004048582995951,
            "balanced_error": 0.366172307937647,
            "worst_error": 0.5407407407407407,
            "group_errors": [
                0.19160387513455324,
                0.5407407407407407
            ],
            "overall_error": 0.19985987038010156
        },
        "cov_0.8": {
            "coverage": 0.8005152741994848,
            "balanced_error": 0.41866141732283463,
            "worst_error": 0.6,
            "group_errors": [
                0.23732283464566928,
                0.6
            ],
            "overall_error": 0.24704980842911872
        },
        "cov_0.9": {
            "coverage": 0.9005030057661637,
            "balanced_error": 0.4704434649034929,
            "worst_error": 0.6476190476190475,
            "group_errors": [
                0.2932678821879383,
                0.6476190476190475
            ],
            "overall_error": 0.30340599455040873
        }
    },
    "plugin_metrics_at_threshold": {
        "coverage": 0.2840142313826524,
        "balanced_error": 0.01742160278745647,
        "worst_error": 0.03484320557491294,
        "group_errors": [
            0.03484320557491294,
            0.0
        ],
        "overall_error": 0.03455723542116629
    },
    "ece": 0.02358316443860531,
    "selective_risks": {
        "cost_0.3": {
            "balanced": 0.24986494467925624,
            "worst": 0.2767346933484077
        },
        "cost_0.5": {
            "balanced": 0.41306860880326823,
            "worst": 0.4612244889140129
        },
        "cost_0.7": {
            "balanced": 0.5762722729272802,
            "worst": 0.645714284479618
        }
    }
}