{
    "aurc_balanced": 0.2986186134164437,
    "aurc_worst": 0.4606774871168206,
    "aurc_balanced_02_10": 0.36077149063021646,
    "aurc_worst_02_10": 0.5585339307827808,
    "aurc_balanced_bootstrap": {
        "mean": 0.29568693456790074,
        "95ci_lower": 0.25923143056901876,
        "95ci_upper": 0.3375127842056855
    },
    "metrics_at_coverage": {
        "cov_0.7": {
            "coverage": 0.7001594896331739,
            "balanced_error": 0.4483874567570584,
            "worst_error": 0.6896551724137931,
            "group_errors": [
                0.2071197411003236,
                0.6896551724137931
            ],
            "overall_error": 0.21937970912913962
        },
        "cov_0.8": {
            "coverage": 0.8000245368666421,
            "balanced_error": 0.4867207424382724,
            "worst_error": 0.7213114754098361,
            "group_errors": [
                0.2521300094667087,
                0.7213114754098361
            ],
            "overall_error": 0.26529673362981143
        },
        "cov_0.9": {
            "coverage": 0.900012268433321,
            "balanced_error": 0.5350721660630304,
            "worst_error": 0.7692307692307692,
            "group_errors": [
                0.3009135628952916,
                0.7692307692307692
            ],
            "overall_error": 0.3150218102508179
        }
    },
    "plugin_metrics_at_threshold": {
        "coverage": 0.5888847994111152,
        "balanced_error": 0.39241568320375864,
        "worst_error": 0.6526315789473685,
        "group_errors": [
            0.13219978746014882,
            0.6526315789473685
        ],
        "overall_error": 0.14249999999999996
    },
    "ece": 0.016079753637313843,
    "selective_risks": {
        "cost_0.3": {
            "balanced": 0.31843691591290246,
            "worst": 0.43673469246266095
        },
        "cost_0.5": {
            "balanced": 0.4201496434595944,
            "worst": 0.559183673270919
        },
        "cost_0.7": {
            "balanced": 0.5218623710062863,
            "worst": 0.6816326540791771
        }
    }
}