{
    "aurc_balanced": 0.3704768039290037,
    "aurc_worst": 0.526334993024527,
    "aurc_balanced_bootstrap": {
        "mean": 0.3704424454685907,
        "95ci_lower": 0.3585992242509896,
        "95ci_upper": 0.3832013296257034
    },
    "metrics_at_coverage": {
        "cov_0.7": {
            "coverage": 0.7,
            "balanced_error": 0.47878442153504996,
            "worst_error": 0.6451512316806984,
            "group_errors": [
                0.3124176113894015,
                0.6451512316806984
            ],
            "overall_error": 0.46485714285714286
        },
        "cov_0.8": {
            "coverage": 0.8,
            "balanced_error": 0.5133062522626056,
            "worst_error": 0.6723864836325237,
            "group_errors": [
                0.3542260208926875,
                0.6723864836325237
            ],
            "overall_error": 0.504875
        },
        "cov_0.9": {
            "coverage": 0.9,
            "balanced_error": 0.5444682995765371,
            "worst_error": 0.6954441913439635,
            "group_errors": [
                0.39349240780911066,
                0.6954441913439635
            ],
            "overall_error": 0.5407777777777778
        }
    },
    "ece": 0.027768179774284363
}