{
    "aurc_balanced": 0.30365350732131713,
    "aurc_worst": 0.4163111726635703,
    "aurc_balanced_02_10": 0.3683562933963352,
    "aurc_worst_02_10": 0.4991824545279408,
    "aurc_balanced_bootstrap": {
        "mean": 0.3121390607342006,
        "95ci_lower": 0.2833843320982747,
        "95ci_upper": 0.34585824594213643
    },
    "aurc_balanced_02_10_bootstrap": {
        "mean": 0.370989878436645,
        "95ci_lower": 0.34627612023542326,
        "95ci_upper": 0.39781558039292636
    },
    "metrics_at_coverage": {
        "cov_0.7": {
            "coverage": 0.6999321113374066,
            "balanced_error": 0.42061379288350725,
            "worst_error": 0.5543237250554324,
            "group_errors": [
                0.28690386071158214,
                0.5543237250554324
            ],
            "overall_error": 0.3258971871968962
        },
        "cov_0.8": {
            "coverage": 0.7999547408916045,
            "balanced_error": 0.46846624762411243,
            "worst_error": 0.6003683241252302,
            "group_errors": [
                0.33656417112299464,
                0.6003683241252302
            ],
            "overall_error": 0.3770862800565771
        },
        "cov_0.9": {
            "coverage": 0.8999773704458022,
            "balanced_error": 0.5053296805442735,
            "worst_error": 0.6337386018237082,
            "group_errors": [
                0.3769207592648388,
                0.6337386018237082
            ],
            "overall_error": 0.41941161679658034
        }
    },
    "ece": 0.11889573186635971
}