{
    "aurc_balanced": 0.253003937793376,
    "aurc_worst": 0.36270314893322014,
    "aurc_balanced_02_10": 0.2923906800196565,
    "aurc_worst_02_10": 0.4056061880578867,
    "aurc_balanced_bootstrap": {
        "mean": 0.25124281849274543,
        "95ci_lower": 0.23119000527411387,
        "95ci_upper": 0.27349784411763217
    },
    "aurc_balanced_02_10_bootstrap": {
        "mean": 0.2953894691954172,
        "95ci_lower": 0.2732478316595454,
        "95ci_upper": 0.3180085290809631
    },
    "metrics_at_coverage": {
        "cov_0.7": {
            "coverage": 0.6999321113374066,
            "balanced_error": 0.3454505435846954,
            "worst_error": 0.4746543778801844,
            "group_errors": [
                0.21624670928920642,
                0.4746543778801844
            ],
            "overall_error": 0.25250565793727775
        },
        "cov_0.8": {
            "coverage": 0.7999547408916045,
            "balanced_error": 0.39864656821897326,
            "worst_error": 0.5364963503649636,
            "group_errors": [
                0.26079678607298296,
                0.5364963503649636
            ],
            "overall_error": 0.30353606789250354
        },
        "cov_0.9": {
            "coverage": 0.8999773704458022,
            "balanced_error": 0.44442797195304323,
            "worst_error": 0.5821812596006144,
            "group_errors": [
                0.30667468430547207,
                0.5821812596006144
            ],
            "overall_error": 0.35177269298466185
        }
    },
    "ece": 0.20529386401176453
}