{
    "aurc_balanced": 0.2926820671913173,
    "aurc_worst": 0.460746081404491,
    "aurc_balanced_02_10": 0.3482143621807411,
    "aurc_worst_02_10": 0.5512546893714498,
    "aurc_balanced_bootstrap": {
        "mean": 0.2896183106758122,
        "95ci_lower": 0.25184760420774405,
        "95ci_upper": 0.33387239545739145
    },
    "metrics_at_coverage": {
        "cov_0.7": {
            "coverage": 0.7000368052999631,
            "balanced_error": 0.41960185276436385,
            "worst_error": 0.6643835616438356,
            "group_errors": [
                0.1748201438848921,
                0.6643835616438356
            ],
            "overall_error": 0.1873466526463372
        },
        "cov_0.8": {
            "coverage": 0.8000245368666421,
            "balanced_error": 0.4764976432130246,
            "worst_error": 0.7234042553191489,
            "group_errors": [
                0.22959103110690038,
                0.7234042553191489
            ],
            "overall_error": 0.24382763379849715
        },
        "cov_0.9": {
            "coverage": 0.900012268433321,
            "balanced_error": 0.5067409921081708,
            "worst_error": 0.7336448598130841,
            "group_errors": [
                0.2798371244032575,
                0.7336448598130841
            ],
            "overall_error": 0.2930752453653217
        }
    },
    "plugin_metrics_at_threshold": {
        "coverage": 0.5798061587535271,
        "balanced_error": 0.36299171738902886,
        "worst_error": 0.6082474226804124,
        "group_errors": [
            0.11773601209764528,
            0.6082474226804124
        ],
        "overall_error": 0.12780363944138806
    },
    "ece": 0.0377255454659462,
    "selective_risks": {
        "cost_0.3": {
            "balanced": 0.307662197417503,
            "worst": 0.4220408076816625
        },
        "cost_0.5": {
            "balanced": 0.4095198953812176,
            "worst": 0.5428571338230199
        },
        "cost_0.7": {
            "balanced": 0.5113775933449322,
            "worst": 0.6636734599643773
        }
    }
}