{
    "aurc_balanced": 0.40063516049636155,
    "aurc_worst": 0.5837550854974439,
    "aurc_balanced_bootstrap": {
        "mean": 0.3951775819694253,
        "95ci_lower": 0.3828868214060323,
        "95ci_upper": 0.4076561553147185
    },
    "metrics_at_coverage": {
        "cov_0.7": {
            "coverage": 0.7,
            "balanced_error": 0.4821381578947368,
            "worst_error": 0.6487499999999999,
            "group_errors": [
                0.31552631578947365,
                0.6487499999999999
            ],
            "overall_error": 0.46785714285714286
        },
        "cov_0.8": {
            "coverage": 0.8,
            "balanced_error": 0.5183068362420338,
            "worst_error": 0.6759112519809826,
            "group_errors": [
                0.360702420503085,
                0.6759112519809826
            ],
            "overall_error": 0.5098750000000001
        },
        "cov_0.9": {
            "coverage": 0.9,
            "balanced_error": 0.5496222496591195,
            "worst_error": 0.6986800182066455,
            "group_errors": [
                0.4005644811115936,
                0.6986800182066455
            ],
            "overall_error": 0.5461111111111111
        }
    },
    "ece": 0.025157302618026733
}