{
    "aurc_balanced": 0.3226204357287541,
    "aurc_worst": 0.4348799874159481,
    "aurc_balanced_bootstrap": {
        "mean": 0.322749967731943,
        "95ci_lower": 0.29999498594740825,
        "95ci_upper": 0.34764545155618964
    },
    "metrics_at_coverage": {
        "cov_0.7": {
            "coverage": 0.6999321113374066,
            "balanced_error": 0.45616856141034057,
            "worst_error": 0.5875831485587584,
            "group_errors": [
                0.32475397426192276,
                0.5875831485587584
            ],
            "overall_error": 0.36307791787908184
        },
        "cov_0.8": {
            "coverage": 0.7999547408916045,
            "balanced_error": 0.5025155466472838,
            "worst_error": 0.6325411334552102,
            "group_errors": [
                0.3724899598393574,
                0.6325411334552102
            ],
            "overall_error": 0.41272984441301275
        },
        "cov_0.9": {
            "coverage": 0.8999773704458022,
            "balanced_error": 0.5430270690495265,
            "worst_error": 0.6686838124054463,
            "group_errors": [
                0.41737032569360677,
                0.6686838124054463
            ],
            "overall_error": 0.459140055318079
        }
    },
    "ece": 0.04127722978591919
}