{
    "aurc_balanced": 0.3220474620780463,
    "aurc_worst": 0.4353703274033405,
    "aurc_balanced_bootstrap": {
        "mean": 0.32280426691186737,
        "95ci_lower": 0.2993613417103138,
        "95ci_upper": 0.34768431364502156
    },
    "metrics_at_coverage": {
        "cov_0.7": {
            "coverage": 0.6999321113374066,
            "balanced_error": 0.4569010352696427,
            "worst_error": 0.5919282511210762,
            "group_errors": [
                0.32187381941820925,
                0.5919282511210762
            ],
            "overall_error": 0.3608147429679922
        },
        "cov_0.8": {
            "coverage": 0.7999547408916045,
            "balanced_error": 0.5033396841479263,
            "worst_error": 0.6361974405850092,
            "group_errors": [
                0.37048192771084343,
                0.6361974405850092
            ],
            "overall_error": 0.4115983026874116
        },
        "cov_0.9": {
            "coverage": 0.8999773704458022,
            "balanced_error": 0.5423027758483375,
            "worst_error": 0.6716867469879518,
            "group_errors": [
                0.4129188047087232,
                0.6716867469879518
            ],
            "overall_error": 0.45612270555695245
        }
    },
    "ece": 0.03859446197748184
}