{
    "aurc_balanced": 0.2979203350281459,
    "aurc_worst": 0.45198086158192546,
    "aurc_balanced_02_10": 0.34747752655848024,
    "aurc_worst_02_10": 0.5290957351038181,
    "aurc_balanced_bootstrap": {
        "mean": 0.29374110522425995,
        "95ci_lower": 0.2567531511038723,
        "95ci_upper": 0.33463626618332803
    },
    "metrics_at_coverage": {
        "cov_0.7": {
            "coverage": 0.7000368052999631,
            "balanced_error": 0.41842250602927034,
            "worst_error": 0.6319018404907976,
            "group_errors": [
                0.2049431715677431,
                0.6319018404907976
            ],
            "overall_error": 0.21713985278654047
        },
        "cov_0.8": {
            "coverage": 0.8000245368666421,
            "balanced_error": 0.4667765104533995,
            "worst_error": 0.6820512820512821,
            "group_errors": [
                0.25150173885551697,
                0.6820512820512821
            ],
            "overall_error": 0.26437662935132644
        },
        "cov_0.9": {
            "coverage": 0.9001349527665317,
            "balanced_error": 0.49941881445746517,
            "worst_error": 0.7027027027027026,
            "group_errors": [
                0.2961349262122277,
                0.7027027027027026
            ],
            "overall_error": 0.30843669074553637
        }
    },
    "plugin_metrics_at_threshold": {
        "coverage": 0.349527665317139,
        "balanced_error": 0.20066278989903613,
        "worst_error": 0.3548387096774194,
        "group_errors": [
            0.04648687012065289,
            0.3548387096774194
        ],
        "overall_error": 0.049842049842049874
    },
    "ece": 0.018061937764286995,
    "selective_risks": {
        "cost_0.3": {
            "balanced": 0.25828851034300304,
            "worst": 0.30693877445898055
        },
        "cost_0.5": {
            "balanced": 0.4099916326011894,
            "worst": 0.48163265096387864
        },
        "cost_0.7": {
            "balanced": 0.5616947548593757,
            "worst": 0.6563265274687766
        }
    }
}