{
    "aurc_balanced": 0.35996621018121927,
    "aurc_worst": 0.4845811062671014,
    "aurc_balanced_02_10": 0.4230107065149063,
    "aurc_worst_02_10": 0.5527385901080859,
    "aurc_balanced_bootstrap": {
        "mean": 0.3609133437969576,
        "95ci_lower": 0.33250571261540723,
        "95ci_upper": 0.39590196543990086
    },
    "aurc_balanced_02_10_bootstrap": {
        "mean": 0.42615561659571166,
        "95ci_lower": 0.4010095515583,
        "95ci_upper": 0.4507300766632602
    },
    "metrics_at_coverage": {
        "cov_0.7": {
            "coverage": 0.6999321113374066,
            "balanced_error": 0.4848004854204148,
            "worst_error": 0.6134831460674157,
            "group_errors": [
                0.3561178247734139,
                0.6134831460674157
            ],
            "overall_error": 0.3931458131264145
        },
        "cov_0.8": {
            "coverage": 0.7999547408916045,
            "balanced_error": 0.5256011492630995,
            "worst_error": 0.6497277676950999,
            "group_errors": [
                0.4014745308310992,
                0.6497277676950999
            ],
            "overall_error": 0.4401697312588402
        },
        "cov_0.9": {
            "coverage": 0.8999773704458022,
            "balanced_error": 0.5621834083211162,
            "worst_error": 0.683969465648855,
            "group_errors": [
                0.4403973509933775,
                0.683969465648855
            ],
            "overall_error": 0.4805129494593915
        }
    },
    "ece": 0.14471855759620667
}