{
    "aurc_balanced": 0.391970465935272,
    "aurc_worst": 0.5730074592960841,
    "aurc_balanced_02_10": 0.38522660412011794,
    "aurc_worst_02_10": 0.5794353713667587,
    "aurc_balanced_bootstrap": {
        "mean": 0.3861112201944142,
        "95ci_lower": 0.3472194107932726,
        "95ci_upper": 0.4274752728459497
    },
    "metrics_at_coverage": {
        "cov_0.7": {
            "coverage": 0.7000368052999631,
            "balanced_error": 0.4063251448607536,
            "worst_error": 0.6143790849673203,
            "group_errors": [
                0.1982712047541869,
                0.6143790849673203
            ],
            "overall_error": 0.20942867157378198
        },
        "cov_0.8": {
            "coverage": 0.8002699055330634,
            "balanced_error": 0.45554837192899966,
            "worst_error": 0.6702127659574468,
            "group_errors": [
                0.2408839779005525,
                0.6702127659574468
            ],
            "overall_error": 0.2532577035106546
        },
        "cov_0.9": {
            "coverage": 0.9001349527665317,
            "balanced_error": 0.49568638471265986,
            "worst_error": 0.7090909090909091,
            "group_errors": [
                0.2822818603344106,
                0.7090909090909091
            ],
            "overall_error": 0.2950797328608423
        }
    },
    "plugin_metrics_at_threshold": {
        "coverage": 0.20058888479941112,
        "balanced_error": 0.12698810994441012,
        "worst_error": 0.19147621988882024,
        "group_errors": [
            0.19147621988882024,
            0.0625
        ],
        "overall_error": 0.1902140672782875
    },
    "ece": 0.07646811008453369,
    "selective_risks": {
        "cost_0.3": {
            "balanced": 0.2811330853208617,
            "worst": 0.28448979659005996
        },
        "cost_0.5": {
            "balanced": 0.45412435589280875,
            "worst": 0.4714285726659
        },
        "cost_0.7": {
            "balanced": 0.6271156264647558,
            "worst": 0.65836734874174
        }
    }
}