{
    "aurc_balanced": 0.27196007212714507,
    "aurc_worst": 0.4420209042421701,
    "aurc_balanced_02_10": 0.33735791201868165,
    "aurc_worst_02_10": 0.5462044799406898,
    "aurc_balanced_bootstrap": {
        "mean": 0.27106141973890613,
        "95ci_lower": 0.2310480059636965,
        "95ci_upper": 0.3158805875136518
    },
    "metrics_at_coverage": {
        "cov_0.7": {
            "coverage": 0.7000368052999631,
            "balanced_error": 0.40716574090664753,
            "worst_error": 0.6639999999999999,
            "group_errors": [
                0.15033148181329514,
                0.6639999999999999
            ],
            "overall_error": 0.16158429723098489
        },
        "cov_0.8": {
            "coverage": 0.8000245368666421,
            "balanced_error": 0.4473692226065084,
            "worst_error": 0.68125,
            "group_errors": [
                0.2134884452130168,
                0.68125
            ],
            "overall_error": 0.22496549608955685
        },
        "cov_0.9": {
            "coverage": 0.9002576370997424,
            "balanced_error": 0.4772637002154544,
            "worst_error": 0.6887755102040816,
            "group_errors": [
                0.2657518902268272,
                0.6887755102040816
            ],
            "overall_error": 0.27705096756609426
        }
    },
    "plugin_metrics_at_threshold": {
        "coverage": 0.5459452827873881,
        "balanced_error": 0.31854981980610125,
        "worst_error": 0.5555555555555556,
        "group_errors": [
            0.08154408405664693,
            0.5555555555555556
        ],
        "overall_error": 0.08921348314606736
    },
    "ece": 0.039832137525081635,
    "selective_risks": {
        "cost_0.3": {
            "balanced": 0.27706531522359734,
            "worst": 0.37510204630103483
        },
        "cost_0.5": {
            "balanced": 0.39230189559545403,
            "worst": 0.5163265378972568
        },
        "cost_0.7": {
            "balanced": 0.5075384759673107,
            "worst": 0.6575510294934788
        }
    }
}